[
    [
        {
            "NEW_EXAM_GUC": 8
        }
    ],
    [
        {
            "AUTHOR_ID": "1111",
            "AVERAGE_SCORE": 0,
            "EXAM_GUC": 2,
            "EXAM_NAME": "A",
            "MAXIMUM_SCORE": 0,
            "NEW_FFQ_ID": 5,
            "NEW_MCQ_ID": 5,
            "NEW_SFQ_ID": 2,
            "PUBLISH_STATE": true,
            "STUDENT_SCORES": [],
            "SUBJECT": "A",
            "TIME": 30,
            "TYPE": "Finals"
        },
        {
            "AUTHOR_ID": "1",
            "AVERAGE_SCORE": 95.5,
            "EXAM_GUC": 3,
            "EXAM_NAME": "This is a bomb test",
            "MAXIMUM_SCORE": 97.0,
            "NEW_FFQ_ID": 5,
            "NEW_MCQ_ID": 6,
            "NEW_SFQ_ID": 3,
            "PUBLISH_STATE": true,
            "STUDENT_SCORES": [
                {
                    "STUDENT_ID": "1274816157",
                    "STUDENT_NAME": "Naderinejad Mahdi",
                    "STUDENT_SCORE": 97.0
                },
                {
                    "STUDENT_ID": "1",
                    "STUDENT_NAME": "A A",
                    "STUDENT_SCORE": 94.0
                }
            ],
            "SUBJECT": "A",
            "TIME": 2,
            "TYPE": "Not Known"
        },
        {
            "AUTHOR_ID": "1",
            "AVERAGE_SCORE": -144.66666666666666,
            "EXAM_GUC": 4,
            "EXAM_NAME": "Test",
            "MAXIMUM_SCORE": 40.0,
            "NEW_FFQ_ID": 4,
            "NEW_MCQ_ID": 4,
            "NEW_SFQ_ID": 3,
            "PUBLISH_STATE": true,
            "STUDENT_SCORES": [
                {
                    "STUDENT_ID": "0909",
                    "STUDENT_NAME": "BAD BREAKING",
                    "STUDENT_SCORE": 40.0
                },
                {
                    "STUDENT_ID": "12367809",
                    "STUDENT_NAME": "Mohammadi Mahdi",
                    "STUDENT_SCORE": 32.0
                },
                {
                    "STUDENT_ID": "1274816157",
                    "STUDENT_NAME": "Naderinejad Mahdi",
                    "STUDENT_SCORE": 20.0
                },
                {
                    "STUDENT_ID": "123456",
                    "STUDENT_NAME": "Naderinejad Ali",
                    "STUDENT_SCORE": 10.0
                },
                {
                    "STUDENT_ID": "13",
                    "STUDENT_NAME": "ALK ALK",
                    "STUDENT_SCORE": 10.0
                },
                {
                    "STUDENT_ID": "1",
                    "STUDENT_NAME": "A A",
                    "STUDENT_SCORE": -980.0
                }
            ],
            "SUBJECT": "Test",
            "TIME": 1,
            "TYPE": "Midterm"
        },
        {
            "AUTHOR_ID": "109025",
            "AVERAGE_SCORE": 110.0,
            "EXAM_GUC": 6,
            "EXAM_NAME": "qyayya sgsg",
            "MAXIMUM_SCORE": 110.0,
            "NEW_FFQ_ID": 1,
            "NEW_MCQ_ID": 3,
            "NEW_SFQ_ID": 1,
            "PUBLISH_STATE": true,
            "STUDENT_SCORES": [
                {
                    "STUDENT_ID": "1274816157",
                    "STUDENT_NAME": "Naderinejad Mahdi",
                    "STUDENT_SCORE": 110.0
                }
            ],
            "SUBJECT": "kol",
            "TIME": 2,
            "TYPE": "hgvcygvb"
        },
        {
            "AUTHOR_ID": "15",
            "AVERAGE_SCORE": 0.0,
            "EXAM_GUC": 7,
            "EXAM_NAME": "DDD",
            "MAXIMUM_SCORE": 0.0,
            "NEW_FFQ_ID": 1,
            "NEW_MCQ_ID": 1,
            "NEW_SFQ_ID": 1,
            "PUBLISH_STATE": true,
            "STUDENT_SCORES": [],
            "SUBJECT": "DDDD",
            "TIME": 123,
            "TYPE": "Midterm"
        }
    ]
]